id,name,description,price,category
5677,CAMUS COGNAC EXTRA ELEGANCE WITH GIFT BOX 700ML,CAMUS COGNAC EXTRA ELEGANCE WITH GIFT BOX 700ML,80680,Cognac
673,CHIEFTAINS INCHGOWER 29 YRS WHISKY 700ML,CHIEFTAINS INCHGOWER 29 YRS WHISKY 700ML,72230,Whisky
5679,CAMUS COGNAC SP.RES.700ML+BOOKS EVENING MOOD,CAMUS COGNAC SP.RES.700ML+BOOKS EVENING MOOD,71600,Cognac
8004,CHIEFTAINS BUNNAHABHAIN 26 YRS S.M WHISKY 700ML,CHIEFTAINS BUNNAHABHAIN 26 YRS S.M WHISKY 700ML,65495,Whisky
8041,GLEN MORAY 25YEARS 700ML.,GLEN MORAY 25YEARS 700ML.,61595,Whisky
601,CAMUS COGNAC XO ELEGANCE WITH 2 GLASSES-700ML,CAMUS COGNAC XO ELEGANCE WITH 2 GLASSES-700ML,45910,Cognac
5676,CAMUS COGNAC XO BORDERIES 700ML,CAMUS COGNAC XO BORDERIES 700ML,51535,Cognac
769,COURVOISER XO 700 ML,COURVOISER XO 700 ML,36245,Cognac
8036,MEUKOW XO 1000 ML,MEUKOW XO 1000 ML,44235,Whisky
5674,CAMUS COGNAC XO ELEGANCE WITH BOXES-700ML,CAMUS COGNAC XO ELEGANCE WITH BOXES-700ML,43150,Cognac
1707,JW BLUE LABEL WHISKY 1 LTR.,,38000,Whisky
5678,CAMUS COGNAC EXTRA ELEGANCE WITH GIFT BOX 350 ML,CAMUS COGNAC EXTRA ELEGANCE WITH GIFT BOX 350 ML,41340,Cognac
8010,TOMINTTOUL SPEYSIDE GLENVET 21YRS S.M.WHISKY 700ML,TOMINTTOUL SPEYSIDE GLENVET 21YRS S.M.WHISKY 700ML,39365,Whisky
1708,JW BLUE LABEL WHISKY 750ML.,,31200,Whisky
5675,CAMUS COGNAC XO ELEGANCE WITH BOXES-500ML,CAMUS COGNAC XO ELEGANCE WITH BOXES-500ML,30925,Cognac
8109,HENNESSY XO EXTRA OLD COGNAC 700ML,HENNESSY XO EXTRA OLD COGNAC 700ML,38205,Cognac
8037,CHATEAU TOUR DU ROC MILON PAULLIAC 2002-750ML,CHATEAU TOUR DU ROC MILON PAULLIAC 2002-750ML,26785,Wines
1304,GLENFIDDICH MALT 18 YEARS WHISKY 700ML,,16705,Whisky
8003,VENTISQUERO ENCLAVE CABERNET SAUVIGNON CLASICO 750,VENTISQUERO ENCLAVE CABERNET SAUVIGNON CLASICO 750,19925,Wines
1306,GLENFIDDICH SINGLE MALT XX PROJECT 700ML,,15095,Whisky
3606,REMY MARTIN BRANDY VSOP 1000ML,REMY MARTIN BRANDY VSOP 1000ML,18715,Cognac
8032,U LUVKA 700 ML,U LUVKA 700 ML,14930,Vodka
1300,GLEN MORAY 16YRS WHISKY 700ML,GLEN MORAY 16YRS WHISKY 700ML,14615,Whisky
8009,HENESSY VS 1000ML,HENESSY VS 1000ML,13275,Cognac
344,BALVENIE 12 DOUBLE WOOD MALT 700ML,,13200,Whisky
1712,JW GOLD LABEL RESERVE WHISKY 1LTR,,13000,Whisky
4039,THE GLENLIVET 12 YRS SINGLE MALT WHISKY 1LTR,,12750,Whisky
1706,JW BLENDED SCOTCH WHISKY 18YEARS 750ML,,13800,Whisky
7863,GLENFIDDICH SINGLE MALT WHISKY 15YRS 750ML,,12350,Whisky
4319,YARSHAGUMBA ALCOHOLIC BEVERAGE 750 ML,,11000,Alcoholic Beverages
1303,GLENFEDDICH SINGLE MALT WHISKY 12YEARS 1LTR,,10825,Whisky
473,BOMBAY SAPPHIRE GIN 1000ML,,10550,Gin
1711,JW GOLD LABEL RESERV WHISKY 750ML.,,10500,Whisky
8026,ALEXANDER GRAPPA BLUE ROSE -500 ML,ALEXANDER GRAPPA BLUE ROSE -500 ML,13025,Vodka
1709,JW DOUBLE BLACK WHISKY 1LTR.,,9981,Whisky
7692,GH MUMM CHAMPAGNE 750ML.,GH MUMM CHAMPAGNE 750ML.,9850,Wines
3937,STOLICHNAYA ELITE-750ML,STOLICHNAYA ELITE-750ML,9670,Vodka
611,CARDHU MALT WHISKY 1LTR.,,9100,Whisky
943,DEWAR'S SPECIAL RESERVE WHISKEY 12 YRS 1000 ML,,8800,Whisky
660,CHATEAU DU GRAND SOUSSANS MARGAUX 750ML,CHATEAU DU GRAND SOUSSANS MARGAUX 750ML,8770,Wines
8110,GLENCADAM HIGHLAND SINGLE MALT 12YRS 70CL,GLENCADAM HIGHLAND SINGLE MALT 12YRS 70CL,10925,Whisky
1701,JW BLACK LABEL WHISKY 1LTR.,,8725,Whisky
8005,VENTISQUERO PANGEA SYRAH-750 ML,VENTISQUERO PANGEA SYRAH-750 ML,10840,Wines
1713,JW GREEN LABEL SCOTCH WHISKY 750ML,,8600,Whisky
678,CHIVAS REGAL WHISKY 1LTR 12YEARS,,8555,Whisky
1901,LAPHROAIG QUARTER CASK WHISKY 1LTR AB,,8552,Whisky
4513,CAMUS COGNAC VSOP ELEGANCE WITH GLASSES 700 ML,CAMUS COGNAC VSOP ELEGANCE WITH GLASSES 700 ML,10620,Cognac
1305,GLENFIDDICH SINGLE MALT 12YEARS 750ML,,8397,Whisky
8111,BLACK DOG TRIPLE GOLD RESERVE 1000ML,BLACK DOG TRIPLE GOLD RESERVE 1000ML,10020,Wines
8096,BEEHIVE HONEY NAPOLEAN BRANDY VSOP 1000ML,BEEHIVE HONEY NAPOLEAN BRANDY VSOP 1000ML,7950,Brandy
8049,SKYY INFUSIONS CITRUS VODKA 1LTR,SKYY INFUSIONS CITRUS VODKA 1LTR,7885,Vodka
1669,JACK DANELS WHISKY 1 LTR.,,7846,Whisky
2832,PETER VELLA DELICIOUS RED 5 LTR,,7800,Wines
8008,VENTISQUERO PINOT NOIR HERO SUPER GREY-750 ML,VENTISQUERO PINOT NOIR HERO SUPER GREY-750 ML,9730,Wines
1710,JW DOUBLE BLACK WHISKY 750ML,,7711,Whisky
3775,SAUZA TEQUILLA GOLD 1 LTR,,7600,Tequila
8105,OLD BALLANTRUAN PEATED WHISKY 700ML,OLD BALLANTRUAN PEATED WHISKY 700ML,9415,Whisky
3856,SINGLETON MALT WHISKY 12 YRS 700ML.,,7500,Whisky
1733,JOSE CUERVO TEQUILA GOLD 750ML.,,7425,Tequila
228,BAILEYS IRISH CREAM 1LTR.,,7300,Alcoholic Beverages
1805,KETEL ONE VODKA 1000ML,KETEL ONE VODKA 1000ML,8600,Vodka
1700,JIM BEAM BOURBON WHISKY WHITE 1LTR(4 YRS),,7100,Whisky
4126,TULLAMORE DEW IRISH WHISKY 1000ML,,7098,Whisky
1691,JAMESON IRISH 1 LTR.,,7080,Whisky
8020,SIERRA TEQUILLA GOLD- 1000 ML,SIERRA TEQUILLA GOLD- 1000 ML,8800,Tequila
944,DEWARS WHITE LABEL 1000ML,,6900,Whisky
681,CHIVAS REGAL WHISKY 750ML. 12YEEARS,,6850,Whisky
7672,STANLEY CHARDONNAY DRY WHITE BOX WINE 4L,STANLEY CHARDONNAY DRY WHITE BOX WINE 4L,6800,Wines
3931,STANLY LUMBRUSCO RED BOX WINE 4LTR.,,6800,Wines
373,BEEFETER GIN 1LTR,,6675,Gin
1714,JW RED LABEL WHISKY 1LTR.,,6775,Whisky
3623,ROKU GIN 700ML,,6700,Whisky
605,CAPTAIN MORGAN RUM GOLD 1LTR.,,6700,Rum
1704,JW BLACK LABEL WHISKY 750ML.,,6625,Whisky
7660,CHARLES DE LAROCHE BRUT 750ML,CHARLES DE LAROCHE BRUT 750ML,6614,Champagne
7720,CHARLES DE LAROCHE ROSE 750ML,CHARLES DE LAROCHE ROSE 750ML,6614,Wines
8039,CHITEAU ROCS DE MARCHAND MONTAGNE STAIN-EMILION 75,CHITEAU ROCS DE MARCHAND MONTAGNE STAIN-EMILION 75,8220,Wines
26,ABSOLUT VODKA BLUE 1 LTR.,,6550,Vodka
236,BALLANTINES FINEST WHISKY 1LTR.,,6510,Whisky
8080,DRAMBUIE WHISKY 1 LTR.,DRAMBUIE WHISKY 1 LTR.,8100,Whisky
604,CAPTAIN MORGAN RUM BLACK 1 LTR.,,6600,Rum
8092,BEEHIVE NAPOLEAN BRANDY VSOP 1000ML,BEEHIVE NAPOLEAN BRANDY VSOP 1000ML,7950,Brandy
8087,SKYY VODKA 1000ML,SKYY VODKA 1000ML,6300,Vodka
4196,VAT 69 WHISKY 1 LTR.,,6290,Whisky
8038,VENTISQUERO ULTRA GREY GRACIER WOODEN BOX-750 ML,VENTISQUERO ULTRA GREY GRACIER WOODEN BOX-750 ML,7785,Wines
5311,TEACHERS HIGHLAND WHISKY 1LTR,"<p></p>
",6200,Whisky
8002,STOLICHNAYA RED SPI BRAND 1000ML,STOLICHNAYA RED SPI BRAND 1000ML,7720,Vodka
1732,JOSE CUERVO BLANCO 1000 ML,JOSE CUERVO BLANCO 1000 ML,7720,Tequila
3940,STOLICHNAYA SALTED KARMEL 1LT,STOLICHNAYA SALTED KARMEL 1LT,7720,Vodka
3941,STOLICHNAYA STOLI CHOCOLAT RAZBERI VODKA 1LTR,STOLICHNAYA STOLI CHOCOLAT RAZBERI VODKA 1LTR,7720,Vodka
8011,ALEXANDER GRAPPA 700ML,ALEXANDER GRAPPA 700ML,7680,Vodka
7721,OZEKI KARATANBA 1.8L,OZEKI KARATANBA 1.8L,5989,Wines
1672,JACK DANELS WHISKY 750ML.,,5985,Whisky
3859,SMIRNOFF RED VODKA 1LTR,,5950,Vodka
2813,PATRICK CLERGET GEVREY CHAMBERTIN 750ML,PATRICK CLERGET GEVREY CHAMBERTIN 750ML,7390,Wines
8091,BARDINET XO EXTRA 700ML,BARDINET XO EXTRA 700ML,7305,Cognac
8079,AMARULA CREAM 1 LTR.,AMARULA CREAM 1 LTR.,7215,Alcoholic Beverages
7759,BELLAVISTA CUVEE BRUT ALMA  DOCG 750ML,BELLAVISTA CUVEE BRUT ALMA  DOCG 750ML,5720,Wines
5,100 PIPERS WHISKY 1LTR.,,5700,Whisky
8064,STOLICHNAYA STICKY-1000ML,STOLICHNAYA STICKY-1000ML,7105,Vodka
8103,STOLICHNAYA HOT 1000ML,STOLICHNAYA HOT 1000ML,7100,Vodka
1673,JACK DANIELS ORIGINAL HONEY WHISKY 700ML,,6245,Whisky
8019,CHATEAU ANDOYSE DU HAYOT SAUTERNES 2011-750ML,CHATEAU ANDOYSE DU HAYOT SAUTERNES 2011-750ML,6880,Wines
612,CARLO ROSSI CALIFORNIA RED (RED)3 LTR,,5500,Wines
7706,YOKAICHI IMO 720ML,YOKAICHI IMO 720ML,5424,Wines
7771,TAKARA YOKAICHI 25 MUGI GINJIKOMI 720ML,TAKARA YOKAICHI 25 MUGI GINJIKOMI 720ML,5424,Wines
8048,THE SIX ISLES BLENDED MALT SCOTT. WHISKEY 700ML,THE SIX ISLES BLENDED MALT SCOTT. WHISKEY 700ML,6690,Whisky
1692,JAMESON IRISH 750ML,,5660,Whisky
237,BALLANTINES FINEST WHISKY 750ML.,,5300,Whisky
33,AGAVITA TEQUILA SILVER 700ML.,,5200,Tequila
594,CALVET CHATEAUNEUP DU PAPE RED 750ML.,,5200,Wines
8098,LONDON HILL DRY GIN 1000ML,LONDON HILL DRY GIN 1000ML,6440,Gin
1717,JW RED LABEL WHISKY 750ML.,,5095,Whisky
348,BANDIPUR SCOTCH WHISKY 750ML,,5000,Whisky
7743,DAISHICHI 720ML,DAISHICHI 720ML,4972,Wines
28,ABSOLUT VODKA BLUE 750ML.,,4969,Vodka
4214,VEUVE BONNEVAL CHAMPAGNE 750ML.,,4850,Wines
3873,SOL DE CHILE PREMIUM CABERNET SAUVIGNON 750ML,,4773,Wines
8101,ARMAGNAC NAPOLEAN ROI GASCOGNE 700ML,ARMAGNAC NAPOLEAN ROI GASCOGNE 700ML,5890,Wines
7715,PATRICK CLERGET POMMARD 750ML,PATRICK CLERGET POMMARD 750ML,5880,Wines
680,CHIVAS REGAL WHISKY 500ML. 12YEARS,,4680,Whisky
2591,OLD DURBAR BLACK CHIMNEY 1000ML,,4635,Whisky
8042,GLENGOYNE BURNFOOT SINGLE MALT 500 ML,GLENGOYNE BURNFOOT SINGLE MALT 500 ML,4625,Whisky
7741,HAKODATE WINE HAKODATE KAORISHITATE SPAKLING 720ML,HAKODATE WINE HAKODATE KAORISHITATE SPAKLING 720ML,4600,Wines
4198,VAT 69 WHISKY 750ML.,,4595,Whisky
8059,HARVEYS BRISTOL CREAME-1000ML,HARVEYS BRISTOL CREAME-1000ML,4465,Alcoholic Beverages
8052,ST.REMY AUTHENTIC NAPOLEAN VSOP 700ML,ST.REMY AUTHENTIC NAPOLEAN VSOP 700ML,5455,Cognac
8094,OLD NICK CARRIBEAN GOLD RUM 1000ML,OLD NICK CARRIBEAN GOLD RUM 1000ML,5400,Wines
8040,YARRA VALLEY CABERNET SAUVIGNON 2012-750ML,YARRA VALLEY CABERNET SAUVIGNON 2012-750ML,5380,Wines
4288,WHITE HORSE BLENDED SCOTCH WHISKY 750ML,,4525,Whisky
8055,BARDINET CASSIS DE DIJON LIQUER 700ML,BARDINET CASSIS DE DIJON LIQUER 700ML,5305,Alcoholic Beverages
8060,BARDINET SOUR APPLE LIQUOR 700ML,BARDINET SOUR APPLE LIQUOR 700ML,5305,Alcoholic Beverages
746,COLLIN BOURISSET POUILLY FUISSE 2007.750ML,COLLIN BOURISSET POUILLY FUISSE 2007.750ML,4200,Wines
8081,PASTIS COLIN 45-1000ML,PASTIS COLIN 45-1000ML,5240,Wines
8006,FINCA EMPERATRIZ GARNACHA CEPAS VIEJAS RIOJA 75ML,FINCA EMPERATRIZ GARNACHA CEPAS VIEJAS RIOJA 75ML,5165,Wines
7781,MARTINI PROSECCO 750 ML,MARTINI PROSECCO 750 ML,4000,Wines
7677,ROYAL BIG MASER APPLE WINE BOX 4LTR,ROYAL BIG MASER APPLE WINE BOX 4LTR,3955,Wines
3631,ROYAL BIG MASTER RED WINE 4LTR BOX,,3955,Wines
8095,KING ROBERT II WHISKY 1000ML,KING ROBERT II WHISKY 1000ML,4915,Whisky
4379,ZONIN BERENGARIO 2009 C.S.M. 750ML,ZONIN BERENGARIO 2009 C.S.M. 750ML,3865,Wines
8083,FLIRT PURE GRAIN MULTI.DISTILLED 1000ML,FLIRT PURE GRAIN MULTI.DISTILLED 1000ML,4750,Wines
1674,JACK DANIELS WHISKY 500ML.,,3800,Whisky
7754,CALVET BOURGOGNE PINOT NOIR 750ML.,CALVET BOURGOGNE PINOT NOIR 750ML.,3700,Wines
8100,FLIRT GREEN APPLE PURE GRAIN MULTI.DISTILLED 1000M,FLIRT GREEN APPLE PURE GRAIN MULTI.DISTILLED 1000M,4600,Wines
2594,OLD DURBAR BLACK CHIMNEY 750ML,,3660,Whisky
1703,JW BLACK LABEL WHISKY 375ML.,,3600,Whisky
8070,FLIRT VANILLA PURE GRAIN MULTIPLE DIS. 1000ML,FLIRT VANILLA PURE GRAIN MULTIPLE DIS. 1000ML,4465,Wines
8069,FLIRT LEMON PURE GRAIN MULTIPLE DIS. 1000ML,FLIRT LEMON PURE GRAIN MULTIPLE DIS. 1000ML,4465,Wines
8078,FLIRT ORANGE PURE GRAIN MULTIPLE DIS. 1000ML,FLIRT ORANGE PURE GRAIN MULTIPLE DIS. 1000ML,4465,Wines
743,COLLIN BOURISSET FLEURIE(LES VIGNES VIAL)750ML,COLLIN BOURISSET FLEURIE(LES VIGNES VIAL)750ML,4445,Wines
8012,FINCA LA EMPERATRIZ TERRUNO RIOJA 750ML,FINCA LA EMPERATRIZ TERRUNO RIOJA 750ML,4445,Wines
7787,CALVET CHABLIS WHITE 750ML.,CALVET CHABLIS WHITE 750ML.,3800,Wines
2595,OLD DURBAR WHISKY BLENDED 1000ML,,3439,Whisky
7731,PLUM UMESHU 720ML,PLUM UMESHU 720ML,3390,Wines
8085,ALASKA HERBAL PURE GRAIN MULTI.DISTILLED 700ML,ALASKA HERBAL PURE GRAIN MULTI.DISTILLED 700ML,3350,Wines
8015,NOBLE ONE NOTRYTIS SEMILLION 2010 -375 ML,NOBLE ONE NOTRYTIS SEMILLION 2010 -375 ML,4120,Wines
8073,GRAPPA BOTTEGA MORBIDA 70CL,GRAPPA BOTTEGA MORBIDA 70CL,4115,Wines
7752,VIGNA DI PALLINO CHIANTI DOCG  750ML,VIGNA DI PALLINO CHIANTI DOCG  750ML,3240,Wines
7801,LAFITE RESERVE BORDEAUX SPECIALE ROUGE 750ML,LAFITE RESERVE BORDEAUX SPECIALE ROUGE 750ML,4025,Wines
7810,LAFITE RESERVE BORDEAUX SPECIALE BLANC 750ML,LAFITE RESERVE BORDEAUX SPECIALE BLANC 750ML,4025,Wines
1890,LAFITE LEGENDE BORDEAUX 2013 750ML,LAFITE LEGENDE BORDEAUX 2013 750ML,4025,Wines
8066,BEEHIVE HONEY NEPOLEON VSOP 500ML,BEEHIVE HONEY NEPOLEON VSOP 500ML,4015,Cognac
7773,HAKODATE WINE HAKODATE HOKKAIDO 100 MYURA 720ML,HAKODATE WINE HAKODATE HOKKAIDO 100 MYURA 720ML,3200,Wines
7683,CARLO ROSSI CALIFORNIA RED (RED)1.5LTR,CARLO ROSSI CALIFORNIA RED (RED)1.5LTR,3100,Wines
7789,CARLO ROSSI RED MOSCATO (RED)1.5LTR,CARLO ROSSI RED MOSCATO (RED)1.5LTR,3100,Wines
7667,CARLO ROSSI CALIFORNIA WHITE (WHITE)1.5LTR,CARLO ROSSI CALIFORNIA WHITE (WHITE)1.5LTR,3100,Wines
7755,NERE IGT FEUDO MACCARI 2019 750ML,NERE IGT FEUDO MACCARI 2019 750ML,3090,Wines
3845,SIGNATURE PREMIUM GRAIN WHISKY 1LTR,,3085,Whisky
1401,GURKHAS & GUNS BLENDED WHISKEY 750ML,,3080,Whisky
8018,FINCA LA EMPERATRIZ RESERVA RIOJA 750ML,FINCA LA EMPERATRIZ RESERVA RIOJA 750ML,3825,Wines
8029,FINCA LA EMPERATRIZ VIURA CEPAS VIEJAS RIOJA 750ML,FINCA LA EMPERATRIZ VIURA CEPAS VIEJAS RIOJA 750ML,3825,Wines
8031,COLLIN BOURISSET C¯TE DU BRO(LES TERRES BLEUES)750,COLLIN BOURISSET C¯TE DU BRO(LES TERRES BLEUES)750,3810,Wines
7670,JACOBS CREEK RESERVE SIRAZ BAROSSA 750ML,JACOBS CREEK RESERVE SIRAZ BAROSSA 750ML,3030,Wines
7696,JACOBS CREEK RESERVE CABERNET SAUVIGNON 750ML,JACOBS CREEK RESERVE CABERNET SAUVIGNON 750ML,3030,Wines
7724,JACOBS CREEK RESERVE CHARDONNY 750ML,JACOBS CREEK RESERVE CHARDONNY 750ML,3030,Wines
7778,JACOBS CREEK RESERVE SAUVIGNON BLANC 750ML,JACOBS CREEK RESERVE SAUVIGNON BLANC 750ML,2990,Wines
3848,SIGNATURE RARE WHISKY 1000ML,,2925,Whisky
661,CHATEAU HAUT BAZIGNAN BORDEAUX 750ML,CHATEAU HAUT BAZIGNAN BORDEAUX 750ML,2890,Wines
1671,JACK DANELS WHISKY 375ML.,,2885,Whisky
7729,CAVA DO PARXET BRUT RESERVA 750ML,CAVA DO PARXET BRUT RESERVA 750ML,3095,Wines
615,CASTELLO DEL POGGIO BARBERA D'ASTI DOCG 750ML,CASTELLO DEL POGGIO BARBERA D'ASTI DOCG 750ML,2845,Wines
7707,PORTO CRUZ WHITE 750ML,PORTO CRUZ WHITE 750ML,2830,Wines
7818,ZONIN IL GIANGIO GAMBELLARA CLASSICO DOC 750ml,ZONIN IL GIANGIO GAMBELLARA CLASSICO DOC 750ml,2810,Wines
7764,FOLLADOR SPUMANTE CUVDE ROSE BRUT  750ML,FOLLADOR SPUMANTE CUVDE ROSE BRUT  750ML,2800,Wines
7703,CALVET RESERV SAINT EMILION 750ML.,CALVET RESERV SAINT EMILION 750ML.,2800,Wines
7732,CALVET BOURGOGNE CHARDONNY 750ML.,CALVET BOURGOGNE CHARDONNY 750ML.,3300,Wines
174,ANTIQUITY BLUE WHISKY 750ML,,2800,Whisky
4378,ZONIN BACCOROSA VINO SPUMANTE 750 ML,ZONIN BACCOROSA VINO SPUMANTE 750 ML,2795,Wines
8027,ZONIN ASTI DOCG (1821)750ML,ZONIN ASTI DOCG (1821)750ML,2795,Wines
1870,LA CAVE DE MONCIGALE DO.PH.FR.CHABLIS 2009 750ML,LA CAVE DE MONCIGALE DO.PH.FR.CHABLIS 2009 750ML,2780,Wines
2598,OLD DURBAR WHISKY BLENDED 750ML,,2775,Whisky
1716,JW RED LABEL WHISKY 375ML.,,2750,Whisky
8033,WINEMAKERS COLLECTION P.N.PROVINCIA DI PAVI 1500ML,WINEMAKERS COLLECTION P.N.PROVINCIA DI PAVI 1500ML,3400,Wines
8021,ZONIN INSOLIA CHARDONNAY SICILIANE 750ML,ZONIN INSOLIA CHARDONNAY SICILIANE 750ML,2715,Wines
7784,ZONIN BARDOLINO DOC 750 ML,ZONIN BARDOLINO DOC 750 ML,2715,Wines
7785,ZONIN VALPOLICELLA DOC 750 ML,ZONIN VALPOLICELLA DOC 750 ML,2715,Wines
7820,ZONIN SOAVE DOC 750ML,ZONIN SOAVE DOC 750ML,2715,Wines
8016,WOOLLASTON ESTATES NELSON RIESLING 750ML,WOOLLASTON ESTATES NELSON RIESLING 750ML,3385,Wines
1813,KHUKRI CORONATION RUM 375ML,,2700,Local Rum
7765,CAVA DO PARXET BRUT ROSE  750ML,CAVA DO PARXET BRUT ROSE  750ML,2700,Wines
486,BOTTEGA POETI PROSECCO EX DRY SPUM.DOC 750ML,,2700,Wines
8093,FLIRT ORANGE PURE GARIN MULTIPLE DIS. 700ML,FLIRT ORANGE PURE GARIN MULTIPLE DIS. 700ML,3350,Wines
8057,BOTTEGA FIOR DI LATTE CIACCOLATO E GRAPPA 200ML,BOTTEGA FIOR DI LATTE CIACCOLATO E GRAPPA 200ML,2670,Alcoholic Beverages
7792,OZEKI NOMONOMO 900ML,OZEKI NOMONOMO 900ML,2622,Wines
4298,WINDY PEAK CABERNET MERLOT 750ML,WINDY PEAK CABERNET MERLOT 750ML,3260,Wines
7716,JP CHENET MUSCAT SWEET SPARKLING WHITE 750ML,JP CHENET MUSCAT SWEET SPARKLING WHITE 750ML,2600,Wines
7775,V ANIMA RAIMAT RS ECO  2021 750ML,V ANIMA RAIMAT RS ECO  2021 750ML,2590,Wines
8013,COLLIN BOURISSET MOULIN VENT HOSPICES 750ML,COLLIN BOURISSET MOULIN VENT HOSPICES 750ML,3230,Wines
7835,COLLIN BOURISSET BEAUJOLAIS(V.HOSPICES DE LYON)750,COLLIN BOURISSET BEAUJOLAIS(V.HOSPICES DE LYON)750,3230,Wines
7758,VESPER SAUVIGNON BLANC DOC FRUILI 2020 750ML,VESPER SAUVIGNON BLANC DOC FRUILI 2020 750ML,2575,Wines
7788,VENTISQUERO CHARDONNAY GREY 750 ML,VENTISQUERO CHARDONNAY GREY 750 ML,3200,Wines
1680,JACOBS CREEK CHARDONNAY PINOT NOIR 750ML,,2545,Wines
8076,REGIONAL CLASSIC BAROSSA SHIRAZ 750ML,REGIONAL CLASSIC BAROSSA SHIRAZ 750ML,3155,Wines
8028,REGIONAL CLASSIC MCLAREN VALE SHIRAZ 750ML,REGIONAL CLASSIC MCLAREN VALE SHIRAZ 750ML,3155,Wines
3493,VALDOURO TAWANY PORTO RED 750ML,,2500,Wines
7708,FOLLADOR PROSECCO TREVISO GOLD DOC EXTRA DRY  750ML,FOLLADOR PROSECCO TREVISO GOLD DOC EXTRA DRY  750ML,2500,Wines
3635,ROYAL MUSK PRIME SHIRAZ 750ML,,2500,Wines
7647,VALDOURO PORTO WHITE 750ML,VALDOURO PORTO WHITE 750ML,2500,Wines
3492,VALDOURO PORTO RUBY 750ML,,2500,Wines
1663,J89 SINGLE BARREL MALT 750 ML,,2499,Whisky
3847,SIGNATURE PREMIUM WHISKY 750ML,,2480,Whisky
7687,CALVET BEAUJOLAIS VILLAGES PASQUIER WINE 750ML,CALVET BEAUJOLAIS VILLAGES PASQUIER WINE 750ML,2450,Wines
7756,VESPER PINOT NOIR IGT PITARS 2020 750ML,VESPER PINOT NOIR IGT PITARS 2020 750ML,2430,Wines
7766,VESPER PINOT GRIGIO DOC FRIULI 2020 750ML,VESPER PINOT GRIGIO DOC FRIULI 2020 750ML,2430,Wines
8068,MELA & GRAPPA BOTTEGA 50CL,MELA & GRAPPA BOTTEGA 50CL,3020,Wines
8062,ANANAS & GRAPPA BOTTEGA 500ML,ANANAS & GRAPPA BOTTEGA 500ML,3020,Wines
773,CRANSWICK ESTATE CHARDONNAY BAROSSA 750ML,CRANSWICK ESTATE CHARDONNAY BAROSSA 750ML,2415,Wines
771,CRANSWICK ESTATE CAB. SAUV.BAROSSA 750ML,CRANSWICK ESTATE CAB. SAUV.BAROSSA 750ML,2415,Wines
7530,KHUKRI WHITE RUM 750ML,,2400,Local Rum
1814,KHUKRI SPICE RUM 750ML,,2400,Local Rum
772,CRANSWICK ESTATE CABERNET SAUVIGNON 750ML,CRANSWICK ESTATE CABERNET SAUVIGNON 750ML,2390,Wines
522,BROOKFORD MERLOT PETIT VERDOT 2010 750ML,BROOKFORD MERLOT PETIT VERDOT 2010 750ML,2390,Wines
7727,VESPER MERLOT IGP UMBRIA 750ML,VESPER MERLOT IGP UMBRIA 750ML,2370,Wines
859,DEEN VAT 7 CHARDONNAY 2011 750ML,DEEN VAT 7 CHARDONNAY 2011 750ML,2950,Wines
7722,VESPER CABERNET SAUVIGNON 2019 750ML,VESPER CABERNET SAUVIGNON 2019 750ML,2360,Wines
860,DEEN VAT 9 CABERNET SAUVIGNON 2010 750ML,DEEN VAT 9 CABERNET SAUVIGNON 2010 750ML,2950,Wines
7737,V TERRA DE PAU NEGRE 750ML,V TERRA DE PAU NEGRE 750ML,2350,Wines
7780,V TERRA DE PAU BLANC 750ML,V TERRA DE PAU BLANC 750ML,2350,Wines
7767,JP CHENET PINOT NOIR SWEET SPARKLING ROSE 750ML,JP CHENET PINOT NOIR SWEET SPARKLING ROSE 750ML,2350,Wines
4197,VAT 69 WHISKY 370/375ML.,,2425,Whisky
3851,SIGNATURE RARE WHISKY 750ML,,2320,Whisky
7709,HARDY WHISKERS BLAKE CLASSIC TAWNY RED 750ML,HARDY WHISKERS BLAKE CLASSIC TAWNY RED 750ML,2300,Wines
8061,WINGSPAN ESTATES NELSON PINOT NOIR 750ML,WINGSPAN ESTATES NELSON PINOT NOIR 750ML,2875,Wines
8030,FINCA LA EMPERATRIZ CRINZA RIOJA 750ML,FINCA LA EMPERATRIZ CRINZA RIOJA 750ML,2845,Wines
8584,YETI PREMIUM VODKA 750ML,YATI PREMIUM VODKA 750ML,2260,Vodka
7680,BARON DE VALLS SPARKLING ICE WHITE 750ML,BARON DE VALLS SPARKLING ICE WHITE 750ML,2300,Wines
7723,BARON DE VALLS SPARKLING ICE ROSE 750ML,BARON DE VALLS SPARKLING ICE ROSE 750ML,2250,Wines
7748,SAWANTSURU 720ML,SAWANTSURU 720ML,2204,Wines
7693,CALVET CELEBRATION SPARKLING BRUT WHITE 750ML,CALVET CELEBRATION SPARKLING BRUT WHITE 750ML,2200,Wines
7675,JACOBS CREEK SIRAZ ROSE 750ML,JACOBS CREEK SIRAZ ROSE 750ML,2200,Wines
7761,CALVET CELEBRATION SPARKLING BRUT ROSE 750ML,CALVET CELEBRATION SPARKLING BRUT ROSE 750ML,2200,Wines
3648,RUSLAN ULTRA GOLD VODKA 750ML,,2200,Vodka
7772,NEDEBRUG WINE CHARDONAY 750ML,NEDEBRUG WINE CHARDONAY 750ML,2195,Wines
8034,ROCCA DI MONTEMOSSI LE FOCAIE 750ML,ROCCA DI MONTEMOSSI LE FOCAIE 750ML,2715,Wines
2092,MASSERIA ALTEMURA FIANO WINE 750ML,MASSERIA ALTEMURA FIANO WINE 750ML,2715,Wines
8074,DEEN VAT 2 SAUVIGNON BLANC 2011 750ML,DEEN VAT 2 SAUVIGNON BLANC 2011 750ML,2715,Wines
7807,MASSERIA ALTEMURA SASSEO WINE 750ML,MASSERIA ALTEMURA SASSEO WINE 750ML,2715,Wines
7819,ROCCA DI MONTEMOSSI UERMENTIRO 750ML,ROCCA DI MONTEMOSSI UERMENTIRO 750ML,2715,Wines
7774,CALVET COTES DU RHONE RED 750ML.,CALVET COTES DU RHONE RED 750ML.,2150,Wines
1702,JW BLACK LABEL WHISKY 200ML.,,2150,Whisky
8102,SAINT CLAIR MARLBOROUGH PINOT NOIR 750ML,SAINT CLAIR MARLBOROUGH PINOT NOIR 750ML,2670,Wines
8045,GRAPPA BOTTEGA MORBIDA 200ML,GRAPPA BOTTEGA MORBIDA 200ML,2670,Wines
7533,NUDE SUPERIOR VODKA 750ML,,2170,Vodka
7657,LINDEMANS BIN 90 MOSCATO WHITE 750ML,LINDEMANS BIN 90 MOSCATO WHITE 750ML,2100,Wines
1934,LINDEMANS BIN 45 CABERNET SAUVIGNON 750ML.,,2100,Wines
7749,LINDEMANS BIN 35 ROSE 750ML.,LINDEMANS BIN 35 ROSE 750ML.,2100,Wines
485,BOTTEGA MERLOT IGT TREVENEZIA 750 ML,,2100,Wines
484,BOTTEGA CABERNET SAUVIGNON IGT TREVENEZIE 750 ML,,2100,Wines
8848,LINDEMANS BIN 40 MERLOT 750ML.,LINDEMANS BIN 40 MERLOT 750ML.,2100,Wines
7824,BOTTEGA PETALO VINO DELL AMORE MOSCATA SWEET 750ML,BOTTEGA PETALO VINO DELL AMORE MOSCATA SWEET 750ML,2585,Wines
7684,LINDEMANS BIN 99 PINOT NOIR 2011 750ML,LINDEMANS BIN 99 PINOT NOIR 2011 750ML,2050,Wines
7676,LINDEMANS BIN 95 SAUVIGNON BLANC 750ML,LINDEMANS BIN 95 SAUVIGNON BLANC 750ML,2100,Wines
1935,LINDEMANS BIN 65 CHARDONNAY 750ML,,2050,Wines
7776,LINDEMANS BIN 85 PINOT GRIGIO WHITE 750ML,LINDEMANS BIN 85 PINOT GRIGIO WHITE 750ML,2050,Wines
7531,KHUKRI XXX RUM 750ML,,2050,Local Rum
2094,MATEUS BLANCE WHITE 750ML,MATEUS BLANCE WHITE 750ML,2530,Wines
7841,MATEUS ROSE WINE 750 ML,MATEUS ROSE WINE 750 ML,2530,Wines
789,CUTLER CREST ZINFANDEL ROUGE 750ML,CUTLER CREST ZINFANDEL ROUGE 750ML,2015,Wines
7705,NEDEBRUG WINE RESERVE CABT.SAUVIGNON 750ML,NEDEBRUG WINE RESERVE CABT.SAUVIGNON 750ML,2014,Wines
8090,COLLIN BOURISSET COTEAUX BOURGUIGNONS 750ML,COLLIN BOURISSET COTEAUX BOURGUIGNONS 750ML,2500,Wines
592,CALVET BORDAUXE CLASSIC MERLOT CAB.SAUV. 750ML.,,2000,Wines
679,CHIVAS REGAL WHISKY 200ML. 12YEARS,,2000,Whisky
7728,CALVET BORDEAUX SEMILLION SAUVIGNON 750ML,CALVET BORDEAUX SEMILLION SAUVIGNON 750ML,2000,Wines
3649,RUSLAN ULTRA PREMIUM VODKA 750ML,,2000,Vodka
836,DB SELECTION TRAMINER RIESLING WINE 750ML,DB SELECTION TRAMINER RIESLING WINE 750ML,1995,Wines
614,CASTELLO D' ALBOLA CHIANTI CLASSICO DOCG 375ML,CASTELLO D' ALBOLA CHIANTI CLASSICO DOCG 375ML,1980,Wines
7745,TWO OCEAN PINOT NOIR 750ML.,TWO OCEAN PINOT NOIR 750ML.,1980,Wines
8072,WINGSPAN ESTATES NELSON SAU. BLANC 750 ML,WINGSPAN ESTATES NELSON SAU. BLANC 750 ML,2440,Wines
8067,COLIN CHARDONNAY 750ML,COLIN CHARDONNAY 750ML,2435,Wines
7769,VESPER VINO ROSATO IGP 750ML,VESPER VINO ROSATO IGP 750ML,1925,Wines
7762,VESPER FONTANA CHARDONNAY IGP 750ML,VESPER FONTANA CHARDONNAY IGP 750ML,2050,Wines
7750,VESPER SYRAH IGP 750ML,VESPER SYRAH IGP 750ML,2050,Wines
8084,OSO TOSCANA CASTELLO D ALBOLA 750 ML,OSO TOSCANA CASTELLO D ALBOLA 750 ML,2405,Wines
8017,CRANSWICK ESTATE SHIRAZ 750ML,CRANSWICK ESTATE SHIRAZ 750ML,2390,Wines
7664,JP CHENET SPARKLING BRUT WINE 750ML.,JP CHENET SPARKLING BRUT WINE 750ML.,1900,Wines
3652,RUSLAN VODKA 750ML,,2200,Vodka
7704,VENTISQUERO SAUVIGNON BLANC RESERVE WINE 750ML,VENTISQUERO SAUVIGNON BLANC RESERVE WINE 750ML,2370,Wines
4202,VENTISQUERO CABERNET SAUVIGNON RESERVE 2012 750ML,VENTISQUERO CABERNET SAUVIGNON RESERVE 2012 750ML,2370,Wines
4204,VENTISQUERO CHARDONNAY RSERVE 750ML,VENTISQUERO CHARDONNAY RSERVE 750ML,2370,Wines
1682,JACOBS CREEK GRENACHE SHIRAZ 750ML.,,1875,Wines
1686,JACOBS PINOT GRIGIO 750ML,,1875,Wines
1683,JACOBS CREEK MERLOT 750ML.,,1875,Wines
596,CALVET SYRAH 750ML.,,1875,Wines
1681,JACOBS CREEK CLASSIC SAUVIGNON BLANC 750ML,,1875,Wines
1679,JACOBS CREEK CHARDONNAY 750ML.,,1875,Wines
1678,JACOBS CREEK CABERNET SAUVINGNON 750ML.,,1875,Wines
7681,CALVET CHARDONNAY 750ML.,CALVET CHARDONNAY 750ML.,1875,Wines
7678,CALVET SAUVIGNON 750ML.,CALVET SAUVIGNON 750ML.,1875,Wines
593,CALVET CABERNET SAUVGNON 750ML.,,1875,Wines
595,CALVET MERLOT 750ML.,,1875,Wines
1685,JACOBS CREEK SHIRAZ CABERNET 750ML.,,1875,Wines
4297,WINCARNIS TONIC WINE 750ML,WINCARNIS TONIC WINE 750ML,2325,Wines
7862,HARDAYS VR MERLOT RED 750 ML,HARDAYS VR MERLOT RED 750 ML,1850,Wines
7826,HARDAYS VR CHARDONNAY WHITE 750 ML,HARDAYS VR CHARDONNAY WHITE 750 ML,1850,Wines
3637,ROYAL STAG WHISKY 750ML,,1850,Whisky
7855,HARDAYS VR SHIRAZ RED 750 ML,HARDAYS VR SHIRAZ RED 750 ML,1850,Wines
1684,JACOBS CREEK MOSCATO WINE 750ML,,1850,Wines
7854,HARDAYS VR CABERNET SAUVIGNON RED 750 ML,HARDAYS VR CABERNET SAUVIGNON RED 750 ML,1850,Wines
7686,HARDYS VR MOSCATO WINE 750ML.,HARDYS VR MOSCATO WINE 750ML.,1850,Wines
1749,JP CHENET MERLOT 750ML.,,1850,Wines
1748,JP CHENET MEDIUM SWEET WHITE 750ML,,1850,Wines
1747,JP CHENET MEDIUM SWEET RED 750ML.,,1850,Wines
8107,MONIN CARAMEL SYRUP 1000ML,MONIN CARAMEL SYRUP 1000ML,1850,Wines
7777,LOUIS FELIPE EDWARDS CARMENERE WINE 750ML,LOUIS FELIPE EDWARDS CARMENERE WINE 750ML,1845,Wines
7655,GOSSIPS WINE 750 ML SEMILLON CHARDONNAY,GOSSIPS WINE 750 ML SEMILLON CHARDONNAY,1840,Wines
4015,SWEET LIPS WINE PEACH RASPBERRY&VANILLA 750ML,,1840,Wines
1359,GOSSIPS WINE 750 ML SHIRAZ,,1840,Wines
1358,GOSSIPS WINE 750 ML MOSCATO SWEET LIPS,,1840,Wines
7694,GOSSIPS WINE 750 ML SAUVIGNON BLANC,GOSSIPS WINE 750 ML SAUVIGNON BLANC,1840,Wines
7738,GOSSIPS PINOT GRIGIO 750ML,GOSSIPS PINOT GRIGIO 750ML,1840,Wines
1357,GOSSIPS WINE 750 ML CABERNET SAUVIGNON,,1840,Wines
7673,GOSSIPS WINE 750 ML CHARDONNAY,GOSSIPS WINE 750 ML CHARDONNAY,1840,Wines
1362,GOSSIPS WINE 750ML PINK MOSCATO SWEET LIPS,,1840,Wines
7658,GOSSIPS WINE 750 ML SEM. SAUVIGNON BLANC,GOSSIPS WINE 750 ML SEM. SAUVIGNON BLANC,1840,Wines
7649,GOSSIPS WINE 750ML CERBNAT MERLOT,GOSSIPS WINE 750ML CERBNAT MERLOT,1840,Wines
7659,GOSSIPS WINE 750 ML MERLOT,GOSSIPS WINE 750 ML MERLOT,1840,Wines
1361,GOSSIPS WINE 750ML DOLCETTO & SHIRAZ SWEET LIPS,,1840,Wines
2593,OLD DURBAR BLACK CHIMNEY 375ML,,1825,Whisky
7661,CRANSWICK SWEETHEART DOLCETTO&SYRAH WINE 750ML,CRANSWICK SWEETHEART DOLCETTO&SYRAH WINE 750ML,1806,Wines
7691,LONGCHAMP MERLOT 750ML,LONGCHAMP MERLOT 750ML,1806,Wines
7717,LONGCHAMPS SYRAH WINE 750ML,LONGCHAMPS SYRAH WINE 750ML,1805,Wines
7668,CRANSWICK SWEETHEART SWEET WINE MASCOTA 750ML,CRANSWICK SWEETHEART SWEET WINE MASCOTA 750ML,1805,Wines
7747,NOTTAGE HILL SHIRAZ 750ML,NOTTAGE HILL SHIRAZ 750ML,1875,Wines
7698,NOTTAGE HILL CHARDONNAY WINE 750ML,NOTTAGE HILL CHARDONNAY WINE 750ML,1875,Wines
7740,NOTTAGE HILL CABERNET SAUVGNON 750ML.,NOTTAGE HILL CABERNET SAUVGNON 750ML.,1800,Wines
7699,NOTTAGE HILL CABERNET SHIRAZ 750ML.,NOTTAGE HILL CABERNET SHIRAZ 750ML.,1875,Wines
7711,JP CHENET COL.SAUVIGNON 750ML.,JP CHENET COL.SAUVIGNON 750ML.,1790,Wines
1745,JP CHENET CABERNET SYRAH 750ML.,,1850,Wines
8082,COLLIN BOURISSET BEAUJOLAIS ROUGE 750ML,COLLIN BOURISSET BEAUJOLAIS ROUGE 750ML,2235,Wines
1250,FUEGO AUSTRAL CABERNET SAUVIGNON VINTAGE 750,FUEGO AUSTRAL CABERNET SAUVIGNON VINTAGE 750,1780,Wines
7652,LINDEMANS CAWARA CABERNET MERLOT 750ML.,LINDEMANS CAWARA CABERNET MERLOT 750ML.,1850,Wines
1938,LINDEMANS CAWARA MERLOT 750ML.,,1850,Wines
7682,LINDEMANS PORPHYRY SWEET WHITE WINE 750ML.,LINDEMANS PORPHYRY SWEET WHITE WINE 750ML.,1775,Wines
7651,LINDEMANS CAWARA SHIRAZ CABERNET 750ML.,LINDEMANS CAWARA SHIRAZ CABERNET 750ML.,1850,Wines
5352,LINDEMANS BIN 46 SWEET RED 750ML,,1850,Wines
4100,TORRES FLORALIS MOSCATEL ORO 500ML,TORRES FLORALIS MOSCATEL ORO 500ML,2215,Wines
8089,ZONIN PINOT GRIGIO DELLE VENEZIE 2010 750ML,ZONIN PINOT GRIGIO DELLE VENEZIE 2010 750ML,2210,Wines
8053,COLIN BEAUJOLAIS BLANC 2011 750ML,COLIN BEAUJOLAIS BLANC 2011 750ML,2190,Wines
1484,HARDY STAMP CABERNET MERLOT 750ML,,1750,Wines
1485,HARDY STAMP SHIRAZ CABERNET 750ML.,,1750,Wines
7744,HARDY STAMP CHARDANNY SEN.750ML.,HARDY STAMP CHARDANNY SEN.750ML.,1750,Wines
7650,HARDYS VR SWEET RED 750ML.,HARDYS VR SWEET RED 750ML.,1850,Wines
7669,BARON D ARIGNAC SPARKLING MOUSSEUX BRUT 750ML.,BARON D ARIGNAC SPARKLING MOUSSEUX BRUT 750ML.,1750,Wines
3634,ROYAL MUSK CABERNET 750ML,,1750,Wines
7714,BAREFOOT ROSE (PINK)750ML,BAREFOOT ROSE (PINK)750ML,1745,Wines
7665,BAREFOOT RED MOSCATO (RED)750ML,BAREFOOT RED MOSCATO (RED)750ML,1745,Wines
7713,BAREFOOT SAUVIGNON BLANC (WHITE)750ML,BAREFOOT SAUVIGNON BLANC (WHITE)750ML,1745,Wines
7760,BAREFOOT MERLOT (RED)750ML,BAREFOOT MERLOT (RED)750ML,1745,Wines
7685,BAREFOOT SWEET RED (RED)750ML,BAREFOOT SWEET RED (RED)750ML,1745,Wines
7700,BAREFOOT PINOT NOIR (RED)750ML,BAREFOOT PINOT NOIR (RED)750ML,1745,Wines
7734,BAREFOOT PINK MOSCATO (PINK)750ML,BAREFOOT PINK MOSCATO (PINK)750ML,1745,Wines
7701,BAREFOOT CHARDONNAY 750ML (WHITE)750ML,BAREFOOT CHARDONNAY 750ML (WHITE)750ML,1745,Wines
7662,SOL DE CHILE MERLOT SWEET 2011 750ML,SOL DE CHILE MERLOT SWEET 2011 750ML,1740,Wines
8709,SOL DE CHILE CARMENERE 750ML,SOL DE CHILE CARMENERE 750ML,1740,Whisky
8088,BARDINET NAPOLEAN BRANDY VSOP 200ML,BARDINET NAPOLEAN BRANDY VSOP 200ML,1720,Brandy
7779,LOUIS ESCHENAUER BORDEAUX SAUVIGNON 750ML,LOUIS ESCHENAUER BORDEAUX SAUVIGNON 750ML,1712,Wines
7830,MARQUIS DE BRUN TEMPRANILLO 750ML,MARQUIS DE BRUN TEMPRANILLO 750ML,1710,Wines
1360,GOSSIPS WINE 750 ML SHIRAZ CABERNET,,1840,Wines
7702,CARLO ROSSI RED MOSCATO (RED)750ML,CARLO ROSSI RED MOSCATO (RED)750ML,1675,Wines
7674,CARLO ROSSI WHITE MOSCATO (WHITE)750ML,CARLO ROSSI WHITE MOSCATO (WHITE)750ML,1675,Wines
4355,YELLOW TAIL SANGRIA 750ML,YELLOW TAIL SANGRIA 750ML,2090,Wines
1081,EXE VODKA EXCELLENCE 750ML,,1665,Vodka
7689,SOL DE CHILE SAUVIGNON BLANC 750ML,SOL DE CHILE SAUVIGNON BLANC 750ML,1740,Wines
7679,SOL DE CHILE CHARDONNAY 750ML,SOL DE CHILE CHARDONNAY 750ML,1740,Wines
7654,SOL DE CHILE CABERNET SAUVIGNON 750ML,SOL DE CHILE CABERNET SAUVIGNON 750ML,1740,Wines
2116,MCDOWELLS NO.1 WHISKY 750ML,,1660,Whisky
7768,LOUIS ESCHENAUER CHARDONNAY VIN DE PAYS DOC 750ML,LOUIS ESCHENAUER CHARDONNAY VIN DE PAYS DOC 750ML,1652,Wines
1997,LOUIS ESCHENAUER CABERNET SAUBIGNON 750ML,,1652,Wines
1998,LOUIS ESCHENAUER MERLOT 750ML,,1652,Wines
7726,LOUIS ESCHENAUER SYRAH WINE 750ML,LOUIS ESCHENAUER SYRAH WINE 750ML,1652,Wines
4203,VENTISQUERO CHARDONNAY CLASICO 750ML,VENTISQUERO CHARDONNAY CLASICO 750ML,2060,Wines
4207,VENTISQUERO MERLOT CLASICO 750ML,VENTISQUERO MERLOT CLASICO 750ML,2060,Wines
8047,TORRES SAN VALENTIN PARELLADA 750 ML,TORRES SAN VALENTIN PARELLADA 750 ML,2045,Wines
770,CRANSWICK ESTATE BORTYTIS SEMILLION -375 ML,CRANSWICK ESTATE BORTYTIS SEMILLION -375 ML,2015,Wines
7742,EL CHIVO SAUVIGNON BLANC 750ML,EL CHIVO SAUVIGNON BLANC 750ML,1700,Wines
7719,EL CHIVO MERLOT 750ML,EL CHIVO MERLOT 750ML,1600,Wines
7653,ROBERTSON WINERY CHARDONNAY 2020 750ML,ROBERTSON WINERY CHARDONNAY 2020 750ML,1600,Wines
7648,ROBERTSON WINERY MERLOT 2020 750ML,ROBERTSON WINERY MERLOT 2020 750ML,1600,Wines
7733,GATO NEGRO CABERNET SAUVIGNON 750ML,GATO NEGRO CABERNET SAUVIGNON 750ML,1600,Wines
1037,EL CHIVO CABERNET SAUVIGNON 750ML,,1600,Wines
4016,SWEET LIPS WINE INFUSION HIBISCUS POME&LIME750ML,,1840,Wines
4017,SWEET LIPS WINE MANGO ELDERFLW&PASSIONFRUIT 750ML,,1590,Wines
4014,SWEET LIPS WINE PAPPLE COCONUT&MEXICAN LIME 750ML,,1590,Wines
8044,WINCARNIS ORIGINAL GINGER WINE 750ML,WINCARNIS ORIGINAL GINGER WINE 750ML,1980,Wines
8022,LAUGHING BIRD SHIRAZ 750 ML,LAUGHING BIRD SHIRAZ 750 ML,1980,Wines
8023,LAUGHING BIRD CHARDONNAY 750ML,LAUGHING BIRD CHARDONNAY 750ML,1980,Wines
776,CRANSWICK LAKEFIELD CHARDONNAY 750ML,CRANSWICK LAKEFIELD CHARDONNAY 750ML,1980,Wines
7763,LINDEMANS CAWARA SEMILLON CHARDONNAY 750ML.,LINDEMANS CAWARA SEMILLON CHARDONNAY 750ML.,1575,Wines
3620,ROBERTSON SWEET WHITE WINE 750ML,,1550,Wines
1569,HIMALAYAN AAILA 750ML,,1550,Beer
1381,GRAND MASTER XXX RUM 750ML,,1550,Local Rum
3619,ROBERTSON SWEET RED WINE 750ML,,1550,Wines
1417,HAKUTSURU NIGORI SAYURI 300ML,,1526,Wines
7697,OZEKI NOMONOMO 500ML,OZEKI NOMONOMO 500ML,1512,Wines
7690,BARON D ARIGNAC SWEET RED 750ML,BARON D ARIGNAC SWEET RED 750ML,1500,Wines
8837,BARON D ARIGNAC SWEET WHITE 750ML,BARON D ARIGNAC SWEET WHITE 750ML,1500,Wines
1715,JW RED LABEL WHISKY 200ML.,,1500,Whisky
8007,CHATELAIN FRICANDEAU MINERVOIS ROUGE 750ML,CHATELAIN FRICANDEAU MINERVOIS ROUGE 750ML,1860,Wines
7666,BARON DE VALLS RED SEET WINE 750ML,BARON DE VALLS RED SEET WINE 750ML,1460,Wines
1363,GOSSIPS WINE 750ML ROSE,,1450,Wines
2266,MONT ROYAL DRY CHAMPIAN 750ML,MONT ROYAL DRY CHAMPIAN 750ML,1445,Wines
27,ABSOLUT VODKA BLUE 200ML.,,1440,Vodka
7739,CRUZARES SWEET RED WINE 750ML,CRUZARES SWEET RED WINE 750ML,1240,Wines
1670,JACK DANELS WHISKY 200ML.,,1411,Whisky
7757,BARON DE VALLS WHITE SWEET WINE 750ML,BARON DE VALLS WHITE SWEET WINE 750ML,1410,Wines
8014,ZONIN TERRE PALLADIANE WHITE MERLOT VENETO 1.5LTR,ZONIN TERRE PALLADIANE WHITE MERLOT VENETO 1.5LTR,1405,Wines
7718,CASA VISTA CHARDONNAY 750ML,CASA VISTA CHARDONNAY 750ML,1400,Wines
7663,ROYAL MUSK SAUVIGNON BLANC 750ML,ROYAL MUSK SAUVIGNON BLANC 750ML,1400,Wines
613,CASA VISTA CABERNET SAUVIGNON 750ML,,1400,Wines
7710,BARON D ARIGNAC RED 750ML.,BARON D ARIGNAC RED 750ML.,1400,Wines
7725,BARON D ARIGNAC WHITE 750ML.,BARON D ARIGNAC WHITE 750ML.,1500,Wines
3636,ROYAL MUSK SWEET RED 750ML,,1400,Wines
2597,OLD DURBAR WHISKY BLENDED 375ML,,1389,Whisky
2088,MARQUIS DU TERTRE BORDEAUX BLANC SEC 2011 750ML,MARQUIS DU TERTRE BORDEAUX BLANC SEC 2011 750ML,1710,Wines
8108,DOMAINE HERBAUGES COLLECTION PLAISIR 750ML,DOMAINE HERBAUGES COLLECTION PLAISIR 750ML,1690,Wines
4222,VINA SEREA WINE 750 ML SWEET RED,,1350,Wines
4221,VINA SEREA WINE 750 ML SEMI SWEET RED,,1350,Wines
1244,FRONTERA MERLOT 750ML,,1350,Wines
8075,LAINE NAPOLEON V.S.O.P 200ML,LAINE NAPOLEON V.S.O.P 200ML,1350,Wines
4223,VINA SEREA WINE 750 ML SWEET WHITE,,1350,Wines
4224,VINA SEREA WINE 750ML SEMI SWEET WHITE,,1350,Wines
1056,EMPEROR 24 CARAT WHISKY 750ML.,,1340,Whisky
7746,CASA VISTA SAUVIGNON BLANC 750ML,CASA VISTA SAUVIGNON BLANC 750ML,1335,Wines
8058,NOVECENTO CHARDONNAY 2014 WINE 750ML,NOVECENTO CHARDONNAY 2014 WINE 750ML,1660,Wines
8065,COLIN GAMAY SYRAH 750 ML,COLIN GAMAY SYRAH 750 ML,1630,Wines
416,BLUE OAK 750ML,,1400,Whisky
7695,PENASOL SEMI SWEET RED 750ML,PENASOL SEMI SWEET RED 750ML,1250,Wines
7671,PENASOL CABERNET SAUVIGNON 750ML,PENASOL CABERNET SAUVIGNON 750ML,1250,Wines
7753,KARATANBA 300ML,KARATANBA 300ML,1243,Wines
415,BLACK OAK PREMIUM BLENDED MALT 750ML,,1240,Whisky
3846,SIGNATURE PREMIUM GRAIN WHISKY 375ML,,1240,Whisky
7735,VERANO AZUR SYRAH & MARSELEAN 750ML,VERANO AZUR SYRAH & MARSELEAN 750ML,1540,Wines
8025,TAYLORS SELECT RESERVE PORT WINE 375,TAYLORS SELECT RESERVE PORT WINE 375,1530,Wines
8054,CUTLER CREST CHARDONNAY 2010 750ML,CUTLER CREST CHARDONNAY 2010 750ML,1520,Wines
8106,DB BORTOLI 750ML,DB BORTOLI 750ML,1505,Wines
7751,OOZEKI HANAWAKA SPRAKLING 250ML,OOZEKI HANAWAKA SPRAKLING 250ML,1202,Wines
1343,GOLDEN OAK 750ML,,1200,Whisky
7712,MARQUES DEL TIRON SEMI-SWEET RED WINE 750ML,MARQUES DEL TIRON SEMI-SWEET RED WINE 750ML,1200,Wines
2632,PALACIO DEL CAMPO SEMI -SWEET RED 750ML,,1250,Wines
7730,MARQUES DEL TIRON SEMI SWEET WHITE WINE 750ML,MARQUES DEL TIRON SEMI SWEET WHITE WINE 750ML,1200,Wines
5474,PALACIO DEL CAMPO SEMI -SWEET WHITE 750ML,,1250,Wines
4231,VOGUE GIN 750ML.,,1200,Gin
8086,THE ACCOMPLICE ESCAPE SWEET WINE 750ML MIX,THE ACCOMPLICE ESCAPE SWEET WINE 750ML MIX,1465,Wines
3850,SIGNATURE RARE WHISKY 375ML,,1190,Whisky
7817,FRIZZANTINO AMABILE 750ML,FRIZZANTINO AMABILE 750ML,1445,Wines
7770,CRUZARES SWEET WHITE WINE 750ML,CRUZARES SWEET WHITE WINE 750ML,1240,Wines
8063,COLLIN MACON VILLAGES LES BURDINES W/WINE 375ML,COLLIN MACON VILLAGES LES BURDINES W/WINE 375ML,1385,Wines
3541,QUALITATSWEIN MUSCET WHITE SEMI SWEET 750ML,QUALITATSWEIN MUSCET WHITE SEMI SWEET 750ML,1360,Wines
1537,HIGHLANDER PURE WHITE VODKA 750ML.,,1140,Vodka
2,8848 VODKA 375ML,"<ul>
<li style=""margin-left:1.5em;""><span style=""color: rgb(43,43,43);background-color: rgb(255,255,255);font-size: 12px;font-family: Rubik, sans-serif;"">Brand: 8848</span></li>
<li><span style=""color: rgb(43,43,43);background-color: rgb(255,255,255);font-size: 12px;font-family: Rubik, sans-serif;"">Volume: 375ML</span></li>
<li><span style=""color: rgb(43,43,43);background-color: rgb(255,255,255);font-size: 12px;font-family: Rubik, sans-serif;"">Alcohol Volume: 40%</span>&nbsp;</li>
</ul>
",1075,Vodka
1059,EMPEROR SCOTCH MALTS WHISKY 750ML.,,1060,Whisky
8099,HEARTBEATS WINE MIX,HEARTBEATS WINE MIX,1315,Wines
8024,BACCHUS WHITE WINE 750ML,BACCHUS WHITE WINE 750ML,1295,Wines
1816,KHUKRI XXX RUM 375ML,,1025,Local Rum
3651,RUSLAN VODKA 375ML,,1100,Vodka
2087,MARPHAK ORIGINAL APPLE BRANDY 750ML,,950,Brandy
8043,BARDINET CASSIS SYRUP 700ML,BARDINET CASSIS SYRUP 700ML,1175,Wines
8071,BARDINET FRAISE SYRUP STRAWBERRY 70CL,BARDINET FRAISE SYRUP STRAWBERRY 70CL,1170,Wines
3630,ROYAL BIG MASTER PRMIUM APPLE SWEET WHITE WINE 750,,925,Wines
5368,ROYAL STAG WHISKY 375ML,,925,Whisky
3628,ROYAL BIG MASTER PREMIUM FRUIT SWEET RED WINE 750M,,925,Wines
2592,OLD DURBAR BLACK CHIMNEY 180ML,,915,Whisky
7645,CANVAS SWEET RED WINE 750ML,CANVAS SWEET RED WINE 750ML,895,Wines
7643,CANVAS SWEET WHITE WINE 750ML,CANVAS SWEET WHITE WINE 750ML,895,Wines
8104,LA GANDOLA PINOT GRIGIO 2010 750ML,LA GANDOLA PINOT GRIGIO 2010 750ML,1065,Wines
3632,ROYAL BIG MASTER REGULAR FRUIT RED WINE 750ML,,850,Wines
3633,ROYAL BIG MASTER REGULAR MIX FRUIT WHITE WINE 750M,,850,Wines
2115,MCDOWELLS NO.1 WHISKY 375ML,,830,Whisky
3629,ROYAL BIG MASTER PREMIUM MIX FRUIT WHITE WINE 750M,,890,Wines
1832,KINGSHILL SWEET RED PREMIUM 750ML,,790,Wines
7656,IRA SWEET PLUM RED WINE 750ML,IRA SWEET PLUM RED WINE 750ML,790,Wines
1653,IRA SWEET PEAR WHITE WINE 750ML,,790,Wines
1833,KINGSHILL SWEET WHITE WINE 750ML,,790,Wines
2254,MISTRAL VALLEY CHARDONNAY VDP 2009 750ML,MISTRAL VALLEY CHARDONNAY VDP 2009 750ML,785,Wines
8097,FLIRT PURE GRAIN MULTIPLE DIST. VODKA 200ML,FLIRT PURE GRAIN MULTIPLE DIST. VODKA 200ML,765,Vodka
8434,GURKHAS & GUNS BLENDED WHISKEY 180ML,GURKHAS & GUNS BLENDED WHISKEY 180ML,745,Whisky
8051,TOMINTOUL 10YRS WHISKEY 50ML,TOMINTOUL 10YRS WHISKEY 50ML,890,Whisky
2596,OLD DURBAR WHISKY BLENDED 180ML,,695,Whisky
8056,TOMINTOUL SINGLE MALT PEATY TANG WHISKY 50ML,TOMINTOUL SINGLE MALT PEATY TANG WHISKY 50ML,865,Wines
7688,JP CHENET MEDIUM SWEET WHITE 250ML,JP CHENET MEDIUM SWEET WHITE 250ML,680,Wines
8706,CHIMAY PERE TRAPPISTES ALE (WHITE)BEER 330ML BTL,CHIMAY PERE TRAPPISTES ALE (WHITE)BEER 330ML BTL,675,Beer
1581,HINWA WINE 750ML WHITE,,650,Wines
1746,JP CHENET MEDIUM SWEET RED 250ML,,650,Wines
3844,SIGNATURE PREMIER WHISKY 180ML,,620,Whisky
7532,KHUKRI SPICE RUM 180ML,,600,Local Rum
1345,GOLDEN OAK 375ML,,600,Whisky
3849,SIGNATURE RARE WHISKY 180ML,,580,Whisky
1536,HIGHLANDER PURE WHITE VODKA 375ML.,,570,Vodka
3647,RUSLAN ULTRA GOLD VODKA 180ML,,550,Vodka
1058,EMPEROR SCOTCH MALTS WHISKY 375ML.,,530,Whisky
8077,TORRES VINA SOL 187.5ML,TORRES VINA SOL 187.5ML,515,Wines
1815,KHUKRI XXX RUM 180ML,,514,Local Rum
1028,DUVEL BEER(T.G) 330ML,,510,Beer
675,CHIMAY PERES TRAPPISTES(T.G) 330ML,,500,Wines
5322,HEINEKEN BEER 500ML.CAN,,500,Beer
3650,RUSLAN VODKA 180ML,,550,Vodka
5312,CARLSBERG BEER 650ML BOTT.,,465,Beer
4248,WARSTEINER PREMIUM GERMAN BEER 650ML,,450,Beer
200,ARNA LIGHT BEER 650ML,,450,Beer
4123,TUBORG BEER 650ML GOLD BOTT.,,425,Beer
7898,TUBORG BEER 650ML GOLD BOTT (1*12),,4788,Beer
5309,CORONA BEER 330ML,,425,Beer
8596,ARNA PREMIUM BEER 650ML BOTTLE,ARNA PREMIUM BEER 650ML BOTTLE,400,Beer
1353,GORKHA PREMIUM BEER 650ML BOTT.,,400,Beer
533,BUDWEISER BEER BOTTLE 650 ML,,400,Beer
7901,BARAHSINGHE CRAFT PILSNER BEER 650ML(1*12),,4536,Beer
351,BARAHSINGHE CRAFT PILSNER BEER 650ML,,399,Beer
2412,NEPAL ICE NATURA BEER 650ML,,385,Beer
1514,HEINEKEN BEER 330ML. CAN,,380,Beer
3855,SINGHA BEER CAN 330ML.,,375,Beer
5315,CARLSBERG BEER 500ML CAN,,365,Beer
2415,NEPAL ICE PREMIUM LAGER BEER 650ML,,350,Beer
1385,GUINNESS BEER BOTTLE 330ML(T.G),,343,Beer
5303,TUBORG BEER 500ML CAN,,335,Beer
7900,TUBORG BEER 500ML CAN(1*12),,3780,Beer
203,ARNA PREMIUM LAGER BEER 8 PERCENT 650 ML,,330,Beer
7899,GORKHA STRONG BEER 650ML(1*12),,3696,Beer
1356,GORKHA STRONG BEER 650ML,,330,Beer
414,BLACK OAK PREMIUM BLENDED MALT 180ML,,330,Whisky
402,BIRA 91 WHITE 330ML BOT,,325,Beer
2416,NEPAL ICE STRONG BEER 650ML,,325,Beer
201,ARNA PREMIUM CAN BEER 500ML,,325,Beer
7993,BARAHSINGHE CRAFT PILSNER BEER 500ML CAN (1*12),,3504,Beer
7646,NEPAL ICE MUSTANG STRONG BEER 650ML,NEPAL ICE MUSTANG STRONG BEER 650ML,310,Beer
350,BARAHSINGHE CRAFT PILSNER BEER 500ML CAN,,310,Beer
205,ARNA STRONG BEER 650ML,,310,Beer
2411,NEPAL ICE NATURA BEER 500ML CAN,,300,Beer
1352,GORKHA PREMIUM BEER 500ML CAN,,300,Beer
1344,GOLDEN OAK 180ML,,300,Whisky
5423,FOSTERS LAGER BEER 650ML,,295,Beer
1535,HIGHLANDER PURE WHITE VODKA 180ML.,,285,Vodka
2414,NEPAL ICE PREMIUM LAGER BEER 500ML CAN,,285,Beer
352,BARAHSINGHE PREMIUM STRONG BEER 650ML,,275,Beer
5490,FOSTER GOLD STRONG BEER 650ML,,275,Beer
1355,GORKHA STRONG BEER 500ML CAN,,265,Beer
1057,EMPEROR SCOTCH MALTS WHISKY 180ML.,,265,Whisky
7991,GORKHA STRONG BEER 500ML CAN (1*12),,3024,Beer
5408,NEPAL ICE STRONG BEER 500ML CAN,,260,Beer
8438,ARNA PREMIUM LAGER BEER 8 500ML CAN,ARNA PREMIUM LAGER BEER 8 500ML CAN,260,Beer
206,ARNA STRONG BEER CAN 500ML,,250,Beer
4247,WARSTEINER PREMIUM GERMAN BEER 330ML,,235,Beer
4122,TUBORG BEER 330ML BOTTLE,,220,Beer
353,BARAHSINGHE PREMIUM STRONG BEER CAN 500ML,,209,Beer
7992,BARAHSINGHE CRAFT PILSNER BEER 330ML BOTT (1*12),,2340,Beer
349,BARAHSINGHE CRAFT PILSNER BEER 330ML BOTT,,205,Beer
3874,SOMERSBY (APPLE CIDER) 250ML,,200,Wines
532,BUDWEISER BEER BOTTLE 330 ML,,200,Beer
1572,HIMALAYAN RED CRAFT BEER 300ML CAN,,200,Beer
1351,GORKHA PREMIUM BEER 330ML BOTT.,,200,Beer
5437,CHYANG BEER 350ML,,180,Wines
2413,NEPAL ICE NATURA BOTTLE SMALL 330 ML,,175,Beer
202,ARNA PREMIUM LAGER BEER 8 PERCENTá 330 ML,,175,Beer
1354,GORKHA STRONG BEER 330ML BOTTLE,,175,Beer
5310,SAN SOJU 300ML,"<p></p>
",170,Alcoholic Beverages
8154,NEPAL ICE XTRA STRONG 330ML BTL,NEPAL ICE XTRA STRONG 330ML BTL,167,Beer
204,ARNA STRONG BEER 330ML BOTTLE,,165,Beer
5539,NEPAL ICE MUSTANG STRONG BEER 330ML,,165,Beer
2381,NAMASTE STRONG BEER 330ML,,145,Beer
8134,STASH PRO RIPPER TIPPER 32 RIPS BROWN,STASH PRO RIPPER TIPPER 32 RIPS BROWN,125,Liquors
8344,STASH PRO RIPPER TIPPER 32 RIPS WHITE,STASH PRO RIPPER TIPPER 32 RIPS WHITE,125,Liquors
8611,OCB SLING ROLLING PAPER 50PCS WHITE,OCB SLING ROLLING PAPER 50PCS WHITE,50,Liquors
8406,STASH PRO SMALLS ROLLING PAPER BROWN 40PC,STASH PRO SMALLS ROLLING PAPER BROWN 40PC,45,Liquors
7594,STASH PRO EMERGENCY SUPPLY 50PCS BROWN,STASH PRO EMERGENCY SUPPLY 50PCS BROWN,10,Liquors
8581,YETI PREMIUM LAGER BEER 650ML BTL,YETI PREMIUM LAGER BEER 650ML BTL,400,Beer
8399,ROYAL STAG WHISKY 180ML,ROYAL STAG WHISKY 180ML,500,Whisky
8765,ROYAL TREASURE WHISKY 375ML,ROYAL TREASURE WHISKY 375ML,775,Whisky
